收藏夹,FID,标题,BV号,播放量,弹幕,时长,链接
"2、汇丨各类课程","3197396810","【C语言】《带你学C带你飞》",BV17s411N78s,878.7万,13.0万,17:44:08,https://www.bilibili.com/video/BV17s411N78s
"2、汇丨各类课程","3197396810","李宏毅大神用2小时带你彻底搞懂Diffusion Model扩散模型的底层概念与原理！！！-深度学习/神经网络/生成模型",BV1V7Y4zaEhj,6042,44,01:57:38,https://www.bilibili.com/video/BV1V7Y4zaEhj
"2、汇丨各类课程","3197396810","2025年麻省理工 6.S184流匹配与扩散模型：具有随机微分方程的生成式AI ！ 人工智能/SDE/生成机器人/双语字幕",BV1ZQhqzcEa6,542,11,07:04:14,https://www.bilibili.com/video/BV1ZQhqzcEa6
"2、汇丨各类课程","3197396810","【普林斯顿】油管大佬爆肝强化学习理论基础ECE524本科研究生课程， 机器人手臂/人工智能/生成模型/多智能体强化学习/函数近似",BV1xUbJzpEar,715,15,28:42:41,https://www.bilibili.com/video/BV1xUbJzpEar
"2、汇丨各类课程","3197396810","【搬运】Dimitri P. Bertsekas | 2022版《强化学习与最优控制》公开课 | 全集 | 中英字幕",BV1KF411F7jx,6693,2,27:02:45,https://www.bilibili.com/video/BV1KF411F7jx
"2、汇丨各类课程","3197396810","【搬运】Steve Brunton | Control Bootcamp | 全集字幕版",BV1ab4y1b7fs,1.9万,35,08:43:59,https://www.bilibili.com/video/BV1ab4y1b7fs
"2、汇丨各类课程","3197396810","【中英字幕】Brian Douglas Control Theroy | 自动控制原理",BV1WT4y1M7rm,8.2万,128,07:49:10,https://www.bilibili.com/video/BV1WT4y1M7rm
"2、汇丨各类课程","3197396810","【控制理论】Control Theory【中英双字】已完结",BV11K4y1K7v1,6.2万,60,27:17:05,https://www.bilibili.com/video/BV11K4y1K7v1
"2、汇丨各类课程","3197396810","《ROS 2机器人开发从入门到实践》课程介绍",BV1GW42197Ck,21.9万,32,06:48,https://www.bilibili.com/video/BV1GW42197Ck
"2、汇丨各类课程","3197396810","【台湾清华大学×BoLedu】SoC系统级芯片设计实验 (2023秋 赖瑾)",BV1sz4y1F7oU,4.7万,23,20:30:22,https://www.bilibili.com/video/BV1sz4y1F7oU
"2、汇丨各类课程","3197396810","(完)自主移动机器人--浙大",BV1dE411X7sd,3.4万,51,06:13:40,https://www.bilibili.com/video/BV1dE411X7sd
"2、汇丨各类课程","3197396810","[原创] 深入理解计算机系统 - CSAPP重点导读（更新完毕）",BV1RK4y1R7Kf,32.7万,421,06:45:40,https://www.bilibili.com/video/BV1RK4y1R7Kf
"2、汇丨各类课程","3197396810","《清华高翔博士-视觉SLAM14讲》简直不要太强！",BV1LZoNYZEfW,4427,35,15:21:40,https://www.bilibili.com/video/BV1LZoNYZEfW
"2、汇丨各类课程","3197396810","空气动力学基础(双语) 可视化详解学习！| 第一章 | 50分钟学习 空气动力学引述",BV1Ez4y1v7EF,14.0万,220,50:59,https://www.bilibili.com/video/BV1Ez4y1v7EF
"2、汇丨各类课程","3197396810","北京航空航天大学 飞行学院 2021秋 飞行原理【建议移步至新版课程】",BV1S3411x7r5,18.2万,423,33:22:43,https://www.bilibili.com/video/BV1S3411x7r5
"2、汇丨各类课程","3197396810","已失效视频",BV19o4y1P7h3,,,,https://www.bilibili.com/video/BV19o4y1P7h3
"2、汇丨各类课程","3197396810","【南京航空航天大学】无人机设计导论（全46讲）昂海松",BV14mp7e5Eht,5.2万,53,07:12:47,https://www.bilibili.com/video/BV14mp7e5Eht
"2、汇丨各类课程","3197396810","【PX4飞控原理】01_系统框架",BV1mBMgz1ED8,2.1万,9,17:10,https://www.bilibili.com/video/BV1mBMgz1ED8
"2、汇丨各类课程","3197396810","【XMind】思维导图必修课，零基础从入门到精通",BV1p4411d7A1,18.1万,178,20:21,https://www.bilibili.com/video/BV1p4411d7A1
"2、汇丨各类课程","3197396810","谷歌学术镜像，一位外国教授修改200多篇中国学生写的英文论文后，发表的一篇详细指导中国学生如何写英文论文的论文...",BV1jF411u7NZ,260.2万,163,00:55,https://www.bilibili.com/video/BV1jF411u7NZ
"2、汇丨各类课程","3197396810","PPT教程 | PPT高手之路，零基础做出高逼格PPT，免费PPT设计制作技巧教学！OFFICE/WPS/演示/幻灯片/PPT模板/keynote/汇报/总结",BV1xf4y157Db,483.0万,4.1万,11:06:57,https://www.bilibili.com/video/BV1xf4y157Db
"2、汇丨各类课程","3197396810","Word教程 | 拜托三连了！全B站最用心（没有之一）的Word免费课程！OFFICE/WPS/办公软件/排版/论文/毕业/文档/行政/打印/标书/报告/方案",BV1t64y1x7GA,389.2万,2.4万,08:29:21,https://www.bilibili.com/video/BV1t64y1x7GA
"2、汇丨各类课程","3197396810","【WPS教程WPS课程】拜托三连了！全B站最用心（没有之一）的WPS免费课程！OFFICE/WPS/表格/演示/EXCEL函数/Word排版/PPT/办公软件",BV1x64y1Y7dT,148.3万,5458,02:52:47,https://www.bilibili.com/video/BV1x64y1Y7dT
"2、汇丨各类课程","3197396810","已失效视频",BV1as411H7Ya,,,,https://www.bilibili.com/video/BV1as411H7Ya
"2、汇丨各类课程","3197396810","已失效视频",BV16Z4y1U7oU,,,,https://www.bilibili.com/video/BV16Z4y1U7oU
"2、汇丨各类课程","3197396810","《高等数学》同济版 2024年更新|宋浩老师",BV1Eb411u7Fw,2.0亿,355.7万,100:54:03,https://www.bilibili.com/video/BV1Eb411u7Fw
"2、汇丨各类课程","3197396810","电路 石群电路主讲【电路完整版，带课件】大学期末/考研备考 电路理论电路分析电路基础，电路分析电路原理电路理论电路原理邱关源电路电路理论电路第六版电路分析基础",BV1Tj411G7z2,354.6万,3.9万,106:14:00,https://www.bilibili.com/video/BV1Tj411G7z2
"2、汇丨各类课程","3197396810","花了2万多买的Python教程全套，现在分享给大家，入门到精通(Python全栈开发教程)",BV1wD4y1o7AS,3540.6万,24.9万,24:41:07,https://www.bilibili.com/video/BV1wD4y1o7AS
"2、汇丨各类课程","3197396810","【数学分析】中科大-史济怀",BV1ZW411e7PF,62.8万,1.5万,161:23:12,https://www.bilibili.com/video/BV1ZW411e7PF
"2、汇丨各类课程","3197396810","【卓里奇】数学分析教程（上）（张平主讲）",BV1Xf4y1R7dX,35.3万,3684,79:09:36,https://www.bilibili.com/video/BV1Xf4y1R7dX
"2、汇丨各类课程","3197396810","【卓里奇】数学分析教程（下）（袁亚湘主讲）",BV1wp4y1q7sL,11.9万,917,69:58:06,https://www.bilibili.com/video/BV1wp4y1q7sL
"2、汇丨各类课程","3197396810","【建议收藏】考研数学武忠祥 高等数学0基础课",BV1gA411j7Ta,2524.4万,25.9万,31:29:14,https://www.bilibili.com/video/BV1gA411j7Ta
"2、汇丨各类课程","3197396810","MATLAB教程_台大郭彦甫（14课）原视频补档",BV1GJ41137UH,352.8万,8.6万,15:43:55,https://www.bilibili.com/video/BV1GJ41137UH
"2、汇丨各类课程","3197396810","SOLIDWORKS 教学 精品教程 | 2024年新修 | B站 点赞 播放 收藏 NO.1",BV1iw411Z7HZ,1344.1万,9.8万,11:19:09,https://www.bilibili.com/video/BV1iw411Z7HZ
"2、汇丨各类课程","3197396810","【快速入门】数学建模+MATLAB+论文写作+模型与算法（小白零基础赛前突击，北海主讲）",BV1Rq4y1S7S8,272.5万,1.4万,09:52:35,https://www.bilibili.com/video/BV1Rq4y1S7S8
"2、汇丨各类课程","3197396810","LTspice电路仿真从入门到精通、LTspice视频教程、LTspice中文教程",BV1Sy4y1m73e,47.9万,1735,08:36:14,https://www.bilibili.com/video/BV1Sy4y1m73e
"2、汇丨各类课程","3197396810","【电路仿真】Multisim仿真入门（北京邮电大学 邓钢主讲）",BV1M7411A7cE,50.6万,2146,01:03:18,https://www.bilibili.com/video/BV1M7411A7cE
"2、汇丨各类课程","3197396810","EXCEL教程 | 拜托三连了！全B站最用心（没有之一）的EXCEL免费课程！OFFICE/WPS/表格/EXCEL函数/EXCEL技巧/数据分析/办公软件",BV1Gq4y1M716,1211.6万,8.7万,06:47:42,https://www.bilibili.com/video/BV1Gq4y1M716
"2、汇丨各类课程","3197396810","Matlab simulink建模与仿真视频教程",BV1L7411a7uL,161.4万,9344,20:11:22,https://www.bilibili.com/video/BV1L7411a7uL
"2、汇丨各类课程","3197396810","Robomaster哨兵motion planning仿真效果演示",BV1rtp2eSErw,3844,1,01:09,https://www.bilibili.com/video/BV1rtp2eSErw
"2、汇丨各类课程","3197396810","【科学】无人机设计CATIA建模解说",BV11V411h7g8,5.0万,71,03:34:31,https://www.bilibili.com/video/BV11V411h7g8
"2、汇丨各类课程","3197396810","别再盲目学习！对比学习与多模态任务深度实战，看完这视频让你效率提升200%",BV1JxKPzCEwY,178,0,10:19:13,https://www.bilibili.com/video/BV1JxKPzCEwY
"2、汇丨各类课程","3197396810","从公式推导到机器人实战！手把手拆解激光SLAM核心理论，小白也能掌握建图定位黑科技！",BV1is7SzcEak,1.1万,8,14:44:36,https://www.bilibili.com/video/BV1is7SzcEak
"2、汇丨各类课程","3197396810","麻省理工学院电子工程和计算机科学系韩松教授， MIT2024 年秋季课程《EfficientML.AI 讲座》",BV1q44Je3E37,2.1万,0,01:06:00,https://www.bilibili.com/video/BV1q44Je3E37
"2、汇丨各类课程","3197396810","鲁棒控制2021版",BV1UK4y197P1,6.4万,491,21:22:23,https://www.bilibili.com/video/BV1UK4y197P1
"2、汇丨各类课程","3197396810","2025.4.14.第一次课(a)",BV1zZdZYyE7B,1.5万,11,51:06,https://www.bilibili.com/video/BV1zZdZYyE7B
"2、汇丨各类课程","3197396810","一整学期的电力电子课(ECE4643)，留存板书方便查找(包含两次客串自控原理)",BV11pLCznEAY,4501,0,01:27,https://www.bilibili.com/video/BV11pLCznEAY
"2、汇丨各类课程","3197396810","火箭推进理论基础",BV1t1fdYdEjj,2.3万,10,01:23:41,https://www.bilibili.com/video/BV1t1fdYdEjj
"2、汇丨各类课程","3197396810","神经网络与深度学习 2024秋 1-1 英文 许粲昊 Neural Network and Deep Learning by Thomas Canhao Xu",BV1KCHre3E19,4014,0,48:41,https://www.bilibili.com/video/BV1KCHre3E19
"2、汇丨各类课程","3197396810","【多伦多大学—自动驾驶课程】神经网络2：损失函数",BV16UFGeZEof,77,0,14:33,https://www.bilibili.com/video/BV16UFGeZEof
"2、汇丨各类课程","3197396810","多智能体系统的共识算法",BV1mNkXYBEi3,1959,0,03:51:15,https://www.bilibili.com/video/BV1mNkXYBEi3
"2、汇丨各类课程","3197396810","清华大学-机械原理（国家级精品课）",BV1n441127Rx,38.9万,3009,35:26:47,https://www.bilibili.com/video/BV1n441127Rx
"2、汇丨各类课程","3197396810","【公开课】加州大学：学习如何学习（全41讲）",BV18V411n7pL,86.1万,1939,03:21:55,https://www.bilibili.com/video/BV18V411n7pL
"2、汇丨各类课程","3197396810","【公开课】导弹设计导论 国防科技大学 （全59讲）",BV1EY4113734,88.3万,3765,15:53:52,https://www.bilibili.com/video/BV1EY4113734
"2、汇丨各类课程","3197396810","UVM基础",BV1QE411Z7XF,23.1万,2334,09:14:25,https://www.bilibili.com/video/BV1QE411Z7XF
"2、汇丨各类课程","3197396810","已失效视频",BV1T34y127Bv,,,,https://www.bilibili.com/video/BV1T34y127Bv
"2、汇丨各类课程","3197396810","【4K精品】模拟电子技术基础 上交大 郑益慧主讲（精校版字幕，模拟电路/模电 讲课水平略胜华成英，视频质量完爆清华版 4K超清重制版）",BV1Gt411b7Zq,1830.6万,32.4万,38:12:52,https://www.bilibili.com/video/BV1Gt411b7Zq
"2、汇丨各类课程","3197396810","【古月居】古月·ROS入门21讲 | 一学就会的ROS机器人入门教程",BV1zt411G7Vn,171.4万,1.8万,06:52:07,https://www.bilibili.com/video/BV1zt411G7Vn
"2、汇丨各类课程","3197396810","清华大学普通物理 (杨振宁先生主讲，共30讲)",BV1Fx411T7sV,312.5万,2.4万,42:37:53,https://www.bilibili.com/video/BV1Fx411T7sV
"2、汇丨各类课程","3197396810","【4K超清修复】27考研最新版 自动控制原理 西北工业大学 卢京潮 自控期末",BV1F34y1h7so,1072.4万,26.2万,58:13:09,https://www.bilibili.com/video/BV1F34y1h7so
"2、汇丨各类课程","3197396810","【电子】数字电子技术基础（数字电路/数电） 清华大学 王红主讲",BV18p411Z7ce,648.5万,9.4万,37:02:55,https://www.bilibili.com/video/BV18p411Z7ce
"2、汇丨各类课程","3197396810","电力电子",BV1pS4y1g7D9,63.2万,4779,19:36:53,https://www.bilibili.com/video/BV1pS4y1g7D9
"2、汇丨各类课程","3197396810","[oeasy]电学基础(电路基础知识学习教程，讲授各个物理量的由来，深入了解物理历史,初中物理电学拓展学习,零基础理解电路原理,multisim,电路仿真)",BV1Es411Z7MH,47.1万,8273,22:59:07,https://www.bilibili.com/video/BV1Es411Z7MH
"2、汇丨各类课程","3197396810","【力学】北京大学公开课 舒幼生 全",BV1Rb411Y7uQ,24.8万,3050,44:04:46,https://www.bilibili.com/video/BV1Rb411Y7uQ
"2、汇丨各类课程","3197396810","【机器学习】【白板推导系列】【合集 1～33】",BV1aE411o7qd,191.4万,3.5万,60:39:02,https://www.bilibili.com/video/BV1aE411o7qd
"2、汇丨各类课程","3197396810","计算机视觉（本科） 北京邮电大学  鲁鹏 清晰完整合集",BV1nz4y197Qv,28.8万,9918,23:03:11,https://www.bilibili.com/video/BV1nz4y197Qv
"2、汇丨各类课程","3197396810","工业机器人技术基础（完）",BV1C7411K7HP,38.2万,1444,10:26:13,https://www.bilibili.com/video/BV1C7411K7HP
"2、汇丨各类课程","3197396810","【高等数学】上海交通大学-乐经良",BV1EW411H7Vj,738.1万,15.4万,99:06:41,https://www.bilibili.com/video/BV1EW411H7Vj
"2、汇丨各类课程","3197396810","【官方自制】  Simulink 基础入门系列（全7P）",BV1Kz4y1r7ep,68.2万,5008,05:59:49,https://www.bilibili.com/video/BV1Kz4y1r7ep
"2、汇丨各类课程","3197396810","【物理】半导体物理 西安电子科技大学 柴常春等主讲",BV1fp4y1z7oF,212.8万,3.4万,58:49:16,https://www.bilibili.com/video/BV1fp4y1z7oF
"2、汇丨各类课程","3197396810","【电子科技大学】《电路分析基础》—国家级精品课程",BV19E411C7bi,195.9万,9668,06:26:40,https://www.bilibili.com/video/BV19E411C7bi
"2、汇丨各类课程","3197396810","【高清】-半导体物理-复旦大学蒋玉龙",BV1NE411E78K,110.3万,1.2万,17:08:19,https://www.bilibili.com/video/BV1NE411E78K
"2、汇丨各类课程","3197396810","普林斯顿微积分 The Calculus Lifesaver【主讲：Adrian Banner】",BV1eE411a7qA,4.2万,43,47:41:41,https://www.bilibili.com/video/BV1eE411a7qA
"2、汇丨各类课程","3197396810","英语语法精讲合集 (全面, 通俗, 有趣 | 从零打造系统语法体系)",BV1XY411J7aG,4427.4万,95.4万,08:51:49,https://www.bilibili.com/video/BV1XY411J7aG
"2、汇丨各类课程","3197396810","浙江大学 FAST-Lab FAR 课题组2023代表性研究成果|无人机|人工智能|集群机器人|自主导航",BV1Qm411975A,11.3万,94,05:02,https://www.bilibili.com/video/BV1Qm411975A
"2、汇丨各类课程","3197396810","【Autolabor初级教程】ROS机器人入门",BV1Ci4y1L7ZZ,341.7万,6.0万,49:15:04,https://www.bilibili.com/video/BV1Ci4y1L7ZZ
"2、汇丨各类课程","3197396810","【复旦大学】哲学课堂（阳明|笛卡尔|坛经|马哲|合50讲）王德峰",BV1Mg411g7C8,742.8万,10.3万,49:37:04,https://www.bilibili.com/video/BV1Mg411g7C8
"2、汇丨各类课程","3197396810","【4K超清】Verilog硬件描述语言 西安电子科技大学 蔡觉平等主讲（4K超清重制版）",BV12y4y1v7V3,105.9万,1.5万,21:25:46,https://www.bilibili.com/video/BV12y4y1v7V3
"2、汇丨各类课程","3197396810","【学习资料】Altium Designer 20 (AD20)详细教程视频",BV1ei4y1L7TU,199.8万,6497,04:18:03,https://www.bilibili.com/video/BV1ei4y1L7TU
"2、汇丨各类课程","3197396810","于争博士cadence视频教程(60集全)",BV1ft411s74Q,34.1万,4013,19:29:00,https://www.bilibili.com/video/BV1ft411s74Q
"2、汇丨各类课程","3197396810","CMOS模拟集成电路设计 吴金-东南大学【高清再制版】",BV1Tr4y1k7vJ,49.2万,7007,38:23:49,https://www.bilibili.com/video/BV1Tr4y1k7vJ
"2、汇丨各类课程","3197396810","模拟IC设计实践入门",BV1s4411g7QV,21.3万,955,04:40:08,https://www.bilibili.com/video/BV1s4411g7QV
"2、汇丨各类课程","3197396810","(全36集)【台湾清华大学】半导体工艺与整合 (2022 吴永俊)",BV17h4y1x7nf,26.5万,785,24:09:33,https://www.bilibili.com/video/BV17h4y1x7nf
"2、汇丨各类课程","3197396810","【西安交通大学】集成电路设计 模拟CMOS  XJTU_张鸿教授（对应Razavi 1-10章）",BV1SK4y1N7wN,164.9万,3.6万,44:38:25,https://www.bilibili.com/video/BV1SK4y1N7wN
"2、汇丨各类课程","3197396810","【郝斌】-C语言自学入门教程（182集全 | 最新高清修复版）",BV1sM4y1v7ci,73.5万,1.6万,45:00:07,https://www.bilibili.com/video/BV1sM4y1v7ci
"2、汇丨各类课程","3197396810","【计算机科学速成课】[40集全/精校] - Crash Course Computer Science",BV1EW411u7th,505.8万,4.8万,07:52:01,https://www.bilibili.com/video/BV1EW411u7th
"2、汇丨各类课程","3197396810","(模电)模拟电子技术基础第1-9章习题讲解(全)",BV1i14y1b7TM,195.2万,1.2万,20:21:23,https://www.bilibili.com/video/BV1i14y1b7TM
"2、汇丨各类课程","3197396810","【微纳加工技术】清华大学",BV1g7411Z7Z9,12.1万,467,08:35:22,https://www.bilibili.com/video/BV1g7411Z7Z9
